build_config,part1,part2,duration,parse_duration
Release,4725496,12051287042458,736.3420000000001,0.031099999999999996
