build_config,part1,part2,duration,parse_duration
Debug,1829,0,15.320500000000001,1.0735000000000001
